datetime,patient_id,patient_name,exercise,repetitions,duration_sec,pressure_psi,emg_peak,status
2026-08-27 11:51:36,F25-0875,Ajmal,Finger Flexion,1,0,15,35.0,STARTED
2026-08-27 11:52:08,F25-0875,Ajmal,Finger Flexion,1,30,15,35.0,COMPLETED
2026-08-27 11:52:08,F25-0875,Ajmal,Passive Extension,1,0,15,36.0,STARTED
2026-08-27 11:52:56,F25-0875,Ajmal,EMERGENCY_STOP,0,0,15,40.0,STOPPED
2026-08-27 11:54:12,F25-0875,Ajmal,Middle Finger,1,0,15,4095.0,STARTED
2026-08-27 11:54:21,F25-0875,Ajmal,Middle Finger,1,8,15,4095.0,COMPLETED
2026-08-27 11:56:16,F25-0875,Ajmal,Full Hand,1,0,15,69.0,STARTED
2026-08-27 11:56:32,F25-0875,Ajmal,EMERGENCY_STOP,0,0,15,4095.0,STOPPED
2026-08-27 11:57:33,F25-0875,Ajmal,Full Hand,1,0,15,4095.0,STARTED
2026-08-27 11:57:45,F25-0875,Ajmal,EMERGENCY_STOP,0,0,15,4095.0,STOPPED
2026-08-27 11:59:31,F25-0875,Ajmal,Full Hand,1,0,15,3861.0,STARTED
2026-08-27 11:59:51,F25-0875,Ajmal,Full Hand,1,18,15,3920.0,COMPLETED
2026-08-27 12:02:03,F25-0875,Ajmal,Full Hand,1,0,15,4095.0,STARTED
2026-08-27 12:02:22,F25-0875,Ajmal,Full Hand,1,18,15,4095.0,COMPLETED
2026-08-27 15:10:34,F25-0875,Ajmal,Finger Flexion,1,0,15,65.0,STARTED
2026-08-27 15:11:05,F25-0875,Ajmal,Finger Flexion,1,30,15,476.0,COMPLETED
2026-08-27 15:12:03,F25-0875,Ajmal,Finger Flexion,1,0,15,4095.0,STARTED
2026-08-27 15:12:34,F25-0875,Ajmal,Finger Flexion,1,30,15,4095.0,COMPLETED
2026-08-27 15:13:12,F25-0875,Ajmal,Finger Flexion,1,0,15,4095.0,STARTED
2026-08-27 15:13:43,F25-0875,Ajmal,Finger Flexion,1,30,15,4095.0,COMPLETED
2026-08-27 15:15:31,F25-0875,Ajmal,Finger Flexion,1,0,15,4095.0,STARTED
2026-08-27 15:16:02,F25-0875,Ajmal,Finger Flexion,1,30,15,4095.0,COMPLETED
