datetime,patient_id,patient_name,exercise,emg_adc,emg_percent,emg_peak_adc,muscle_fatigue_index,status
2026-08-27 16:02:05.007,P441,Bilal,LIVE_MONITORING,3964.0,100.0,3964.0,HIGH,LIVE
2026-08-27 16:02:06.033,P441,Bilal,LIVE_MONITORING,3925.0,100.0,3925.0,HIGH,LIVE
2026-08-27 16:02:07.322,P441,Bilal,LIVE_MONITORING,3919.0,100.0,3919.0,HIGH,LIVE
2026-08-27 16:02:08.693,P441,Bilal,LIVE_MONITORING,3987.0,100.0,3987.0,HIGH,LIVE
2026-08-27 16:02:09.921,P441,Bilal,LIVE_MONITORING,4095.0,100.0,4095.0,HIGH,LIVE
2026-08-27 16:02:11.356,P441,Bilal,LIVE_MONITORING,4095.0,100.0,4095.0,HIGH,LIVE
2026-08-27 16:02:12.378,P441,Bilal,LIVE_MONITORING,3990.0,100.0,3990.0,HIGH,LIVE
2026-08-27 16:02:13.666,P441,Bilal,LIVE_MONITORING,4095.0,100.0,4095.0,HIGH,LIVE
2026-08-27 16:02:14.838,P441,Bilal,LIVE_MONITORING,3968.0,100.0,3968.0,HIGH,LIVE
2026-08-27 16:02:16.282,P441,Bilal,LIVE_MONITORING,4095.0,100.0,4095.0,HIGH,LIVE
2026-08-27 16:02:17.310,P441,Bilal,LIVE_MONITORING,3948.0,100.0,3948.0,HIGH,LIVE
2026-08-27 16:02:18.318,P441,Bilal,LIVE_MONITORING,4095.0,100.0,4095.0,HIGH,LIVE
2026-08-27 16:02:19.503,P441,Bilal,LIVE_MONITORING,3932.0,100.0,3932.0,HIGH,LIVE
2026-08-27 16:02:20.775,P441,Bilal,LIVE_MONITORING,4095.0,100.0,4095.0,HIGH,LIVE
2026-08-27 16:02:22.004,P441,Bilal,LIVE_MONITORING,4095.0,100.0,4095.0,HIGH,LIVE
2026-08-27 16:02:23.441,P441,Bilal,LIVE_MONITORING,3988.0,100.0,3988.0,HIGH,LIVE
2026-08-27 16:02:24.876,P441,Bilal,LIVE_MONITORING,4095.0,100.0,4095.0,HIGH,LIVE
2026-08-27 16:02:26.176,P441,Bilal,LIVE_MONITORING,3968.0,100.0,3968.0,HIGH,LIVE
2026-08-27 16:02:27.390,P441,Bilal,LIVE_MONITORING,3990.0,100.0,3990.0,HIGH,LIVE
2026-08-27 16:02:28.561,P441,Bilal,LIVE_MONITORING,4057.0,100.0,4057.0,HIGH,LIVE
2026-08-27 16:02:29.993,P441,Bilal,LIVE_MONITORING,4095.0,100.0,4095.0,HIGH,LIVE
2026-08-27 16:02:31.219,P441,Bilal,LIVE_MONITORING,3935.0,100.0,3935.0,HIGH,LIVE
2026-08-27 16:02:32.450,P441,Bilal,LIVE_MONITORING,4095.0,100.0,4095.0,HIGH,LIVE
2026-08-27 16:02:33.677,P441,Bilal,LIVE_MONITORING,3901.0,100.0,3901.0,HIGH,LIVE
2026-08-27 16:02:35.112,P441,Bilal,LIVE_MONITORING,3885.0,100.0,3885.0,HIGH,LIVE
2026-08-27 16:02:36.750,P441,Bilal,LIVE_MONITORING,4095.0,100.0,4095.0,HIGH,LIVE
2026-08-27 16:02:39.217,P441,Bilal,LIVE_MONITORING,4095.0,100.0,4095.0,HIGH,LIVE
2026-08-27 16:02:40.436,P441,Bilal,LIVE_MONITORING,4095.0,100.0,4095.0,HIGH,LIVE
2026-08-27 16:02:41.667,P441,Bilal,LIVE_MONITORING,3894.0,100.0,3894.0,HIGH,LIVE
2026-08-27 16:02:42.688,P441,Bilal,LIVE_MONITORING,4011.0,100.0,4011.0,HIGH,LIVE
2026-08-27 16:02:44.532,P441,Bilal,LIVE_MONITORING,3995.0,100.0,3995.0,HIGH,LIVE
2026-08-27 16:02:45.558,P441,Bilal,LIVE_MONITORING,4095.0,100.0,4095.0,HIGH,LIVE
2026-08-27 16:02:46.776,P441,Bilal,LIVE_MONITORING,4095.0,100.0,4095.0,HIGH,LIVE
2026-08-27 16:02:47.810,P441,Bilal,LIVE_MONITORING,3973.0,100.0,3973.0,HIGH,LIVE
2026-08-27 16:02:49.002,P441,Bilal,LIVE_MONITORING,4095.0,100.0,4095.0,HIGH,LIVE
2026-08-27 16:02:50.070,P441,Bilal,LIVE_MONITORING,4095.0,100.0,4095.0,HIGH,LIVE
2026-08-27 16:02:51.096,P441,Bilal,LIVE_MONITORING,3982.0,100.0,3982.0,HIGH,LIVE
2026-08-27 16:02:52.189,P441,Bilal,LIVE_MONITORING,3931.0,100.0,3931.0,HIGH,LIVE
2026-08-27 16:02:53.199,P441,Bilal,LIVE_MONITORING,4095.0,100.0,4095.0,HIGH,LIVE
2026-08-27 16:02:54.991,P441,Bilal,LIVE_MONITORING,3959.0,100.0,3959.0,HIGH,LIVE
2026-08-27 16:02:56.059,P441,Bilal,LIVE_MONITORING,3979.0,100.0,3979.0,HIGH,LIVE
2026-08-27 16:02:57.433,P441,Bilal,LIVE_MONITORING,4095.0,100.0,4095.0,HIGH,LIVE
2026-08-27 16:02:58.459,P441,Bilal,LIVE_MONITORING,4000.0,100.0,4000.0,HIGH,LIVE
2026-08-27 16:02:59.483,P441,Bilal,LIVE_MONITORING,4095.0,100.0,4095.0,HIGH,LIVE
2026-08-27 16:03:00.515,P441,Bilal,LIVE_MONITORING,4095.0,100.0,4095.0,HIGH,LIVE
2026-08-27 16:03:01.530,P441,Bilal,LIVE_MONITORING,3916.0,100.0,3916.0,HIGH,LIVE
2026-08-27 16:03:02.760,P441,Bilal,LIVE_MONITORING,4095.0,100.0,4095.0,HIGH,LIVE
2026-08-27 16:03:04.398,P441,Bilal,LIVE_MONITORING,3927.0,100.0,3927.0,HIGH,LIVE
2026-08-27 16:03:05.480,P441,Bilal,LIVE_MONITORING,4095.0,100.0,4095.0,HIGH,LIVE
2026-08-27 16:03:06.650,P441,Bilal,LIVE_MONITORING,4095.0,100.0,4095.0,HIGH,LIVE
2026-08-27 16:03:07.673,P441,Bilal,LIVE_MONITORING,3929.0,100.0,3929.0,HIGH,LIVE
2026-08-27 16:03:08.703,P441,Bilal,LIVE_MONITORING,4095.0,100.0,4095.0,HIGH,LIVE
2026-08-27 16:03:09.723,P441,Bilal,LIVE_MONITORING,4095.0,100.0,4095.0,HIGH,LIVE
2026-08-27 16:03:10.762,P441,Bilal,LIVE_MONITORING,4095.0,100.0,4095.0,HIGH,LIVE
2026-08-27 16:03:12.795,P441,Bilal,LIVE_MONITORING,3966.0,100.0,3966.0,HIGH,LIVE
2026-08-27 16:03:13.820,P441,Bilal,LIVE_MONITORING,3931.0,100.0,3931.0,HIGH,LIVE
2026-08-27 16:03:14.841,P441,Bilal,LIVE_MONITORING,3991.0,100.0,3991.0,HIGH,LIVE
2026-08-27 16:03:15.866,P441,Bilal,LIVE_MONITORING,4095.0,100.0,4095.0,HIGH,LIVE
2026-08-27 16:03:16.980,P441,Bilal,LIVE_MONITORING,4095.0,100.0,4095.0,HIGH,LIVE
2026-08-27 16:03:18.324,P441,Bilal,LIVE_MONITORING,3956.0,100.0,3956.0,HIGH,LIVE
2026-08-27 16:03:19.552,P441,Bilal,LIVE_MONITORING,4095.0,100.0,4095.0,HIGH,LIVE
2026-08-27 16:03:20.599,P441,Bilal,LIVE_MONITORING,3943.0,100.0,3943.0,HIGH,LIVE
2026-08-27 16:03:21.805,P441,Bilal,LIVE_MONITORING,4095.0,100.0,4095.0,HIGH,LIVE
2026-08-27 16:03:22.828,P441,Bilal,LIVE_MONITORING,3948.0,100.0,3948.0,HIGH,LIVE
2026-08-27 16:03:23.856,P441,Bilal,LIVE_MONITORING,3924.0,100.0,3924.0,HIGH,LIVE
2026-08-27 16:03:25.161,P441,Bilal,LIVE_MONITORING,3935.0,100.0,3935.0,HIGH,LIVE
2026-08-27 16:03:26.519,P441,Bilal,LIVE_MONITORING,3930.0,100.0,3930.0,HIGH,LIVE
2026-08-27 16:03:27.598,P441,Bilal,LIVE_MONITORING,3994.0,100.0,3994.0,HIGH,LIVE
2026-08-27 16:03:29.178,P441,Bilal,LIVE_MONITORING,3984.0,100.0,3984.0,HIGH,LIVE
2026-08-27 16:03:30.205,P441,Bilal,LIVE_MONITORING,3945.0,100.0,3945.0,HIGH,LIVE
2026-08-27 16:03:31.228,P441,Bilal,LIVE_MONITORING,4095.0,100.0,4095.0,HIGH,LIVE
2026-08-27 16:03:32.310,P441,Bilal,LIVE_MONITORING,3994.0,100.0,3994.0,HIGH,LIVE
2026-08-27 16:03:33.889,P441,Bilal,LIVE_MONITORING,4095.0,100.0,4095.0,HIGH,LIVE
2026-08-27 16:03:35.177,P441,Bilal,LIVE_MONITORING,3922.0,100.0,3922.0,HIGH,LIVE
2026-08-27 16:03:36.760,P441,Bilal,LIVE_MONITORING,4077.0,100.0,4077.0,HIGH,LIVE
2026-08-27 16:03:38.395,P441,Bilal,LIVE_MONITORING,4095.0,100.0,4095.0,HIGH,LIVE
2026-08-27 16:03:39.623,P441,Bilal,LIVE_MONITORING,3970.0,100.0,3970.0,HIGH,LIVE
2026-08-27 16:03:40.645,P441,Bilal,LIVE_MONITORING,3976.0,100.0,3976.0,HIGH,LIVE
2026-08-27 16:03:41.674,P441,Bilal,LIVE_MONITORING,4095.0,100.0,4095.0,HIGH,LIVE
2026-08-27 16:03:42.709,P441,Bilal,LIVE_MONITORING,3970.0,100.0,3970.0,HIGH,LIVE
2026-08-27 16:03:43.924,P441,Bilal,LIVE_MONITORING,4095.0,100.0,4095.0,HIGH,LIVE
2026-08-27 16:03:44.949,P441,Bilal,LIVE_MONITORING,4034.0,100.0,4034.0,HIGH,LIVE
2026-08-27 16:03:45.951,P441,Bilal,LIVE_MONITORING,3964.0,100.0,3964.0,HIGH,LIVE
2026-08-27 16:03:47.202,P441,Bilal,LIVE_MONITORING,4095.0,100.0,4095.0,HIGH,LIVE
2026-08-27 16:03:48.225,P441,Bilal,LIVE_MONITORING,58.0,0.0,58.0,LOW,LIVE
2026-08-27 16:03:50.124,P441,Bilal,LIVE_MONITORING,2363.0,97.0,2363.0,HIGH,LIVE
2026-08-27 16:03:51.384,P441,Bilal,LIVE_MONITORING,4095.0,100.0,4095.0,HIGH,LIVE
2026-08-27 16:03:52.600,P441,Bilal,LIVE_MONITORING,3854.0,100.0,3854.0,HIGH,LIVE
2026-08-27 16:03:53.838,P441,Bilal,LIVE_MONITORING,4095.0,100.0,4095.0,HIGH,LIVE
2026-08-27 16:03:54.987,P441,Bilal,LIVE_MONITORING,4095.0,100.0,4095.0,HIGH,LIVE
2026-08-27 16:03:56.620,P441,Bilal,LIVE_MONITORING,4095.0,100.0,4095.0,HIGH,LIVE
2026-08-27 16:03:57.715,P441,Bilal,LIVE_MONITORING,4095.0,100.0,4095.0,HIGH,LIVE
2026-08-27 16:03:59.489,P441,Bilal,LIVE_MONITORING,4095.0,100.0,4095.0,HIGH,LIVE
2026-08-27 16:04:00.516,P441,Bilal,LIVE_MONITORING,4095.0,100.0,4095.0,HIGH,LIVE
2026-08-27 16:04:01.744,P441,Bilal,LIVE_MONITORING,4095.0,100.0,4095.0,HIGH,LIVE
2026-08-27 16:04:02.749,P441,Bilal,LIVE_MONITORING,4095.0,100.0,4095.0,HIGH,LIVE
2026-08-27 16:04:03.993,P441,Bilal,LIVE_MONITORING,4095.0,100.0,4095.0,HIGH,LIVE
2026-08-27 16:04:05.431,P441,Bilal,LIVE_MONITORING,4095.0,100.0,4095.0,HIGH,LIVE
2026-08-27 16:04:06.870,P441,Bilal,LIVE_MONITORING,4095.0,100.0,4095.0,HIGH,LIVE
2026-08-27 16:04:07.910,P441,Bilal,LIVE_MONITORING,4095.0,100.0,4095.0,HIGH,LIVE
2026-08-27 16:04:09.119,P441,Bilal,LIVE_MONITORING,4095.0,100.0,4095.0,HIGH,LIVE
2026-08-27 16:04:10.348,P441,Bilal,LIVE_MONITORING,4095.0,100.0,4095.0,HIGH,LIVE
2026-08-27 16:04:11.637,P441,Bilal,LIVE_MONITORING,4095.0,100.0,4095.0,HIGH,LIVE
2026-08-27 16:04:13.004,P441,Bilal,LIVE_MONITORING,3870.0,100.0,3870.0,HIGH,LIVE
2026-08-27 16:04:16.281,P441,Bilal,LIVE_MONITORING,4062.0,100.0,4062.0,HIGH,LIVE
2026-08-27 16:04:17.308,P441,Bilal,LIVE_MONITORING,4095.0,100.0,4095.0,HIGH,LIVE
2026-08-27 16:04:18.369,P441,Bilal,LIVE_MONITORING,4095.0,100.0,4095.0,HIGH,LIVE
2026-08-27 16:04:19.369,P441,Bilal,LIVE_MONITORING,4095.0,100.0,4095.0,HIGH,LIVE
2026-08-27 16:04:20.621,P441,Bilal,LIVE_MONITORING,4095.0,100.0,4095.0,HIGH,LIVE
2026-08-27 16:04:22.023,P441,Bilal,LIVE_MONITORING,4095.0,100.0,4095.0,HIGH,LIVE
2026-08-27 16:04:23.245,P441,Bilal,LIVE_MONITORING,4095.0,100.0,4095.0,HIGH,LIVE
2026-08-27 16:04:24.269,P441,Bilal,LIVE_MONITORING,4095.0,100.0,4095.0,HIGH,LIVE
2026-08-27 16:04:25.295,P441,Bilal,LIVE_MONITORING,4095.0,100.0,4095.0,HIGH,LIVE
2026-08-27 16:04:26.322,P441,Bilal,LIVE_MONITORING,4095.0,100.0,4095.0,HIGH,LIVE
2026-08-27 16:04:27.551,P441,Bilal,LIVE_MONITORING,4095.0,100.0,4095.0,HIGH,LIVE
2026-08-27 16:04:28.552,P441,Bilal,LIVE_MONITORING,4095.0,100.0,4095.0,HIGH,LIVE
2026-08-27 16:04:29.601,P441,Bilal,LIVE_MONITORING,4095.0,100.0,4095.0,HIGH,LIVE
2026-08-27 16:04:31.907,P441,Bilal,LIVE_MONITORING,4095.0,100.0,4095.0,HIGH,LIVE
2026-08-27 16:04:33.078,P441,Bilal,LIVE_MONITORING,4095.0,100.0,4095.0,HIGH,LIVE
2026-08-27 16:04:34.129,P441,Bilal,LIVE_MONITORING,4095.0,100.0,4095.0,HIGH,LIVE
2026-08-27 16:04:35.131,P441,Bilal,LIVE_MONITORING,4095.0,100.0,4095.0,HIGH,LIVE
2026-08-27 16:04:36.149,P441,Bilal,LIVE_MONITORING,4095.0,100.0,4095.0,HIGH,LIVE
2026-08-27 16:04:37.375,P441,Bilal,LIVE_MONITORING,4095.0,100.0,4095.0,HIGH,LIVE
2026-08-27 16:04:38.814,P441,Bilal,LIVE_MONITORING,4095.0,100.0,4095.0,HIGH,LIVE
2026-08-27 16:04:40.055,P441,Bilal,LIVE_MONITORING,4095.0,100.0,4095.0,HIGH,LIVE
2026-08-27 16:04:41.070,P441,Bilal,LIVE_MONITORING,4095.0,100.0,4095.0,HIGH,LIVE
2026-08-27 16:04:42.251,P441,Bilal,LIVE_MONITORING,4095.0,100.0,4095.0,HIGH,LIVE
2026-08-27 16:04:43.553,P441,Bilal,LIVE_MONITORING,4095.0,100.0,4095.0,HIGH,LIVE
2026-08-27 16:04:44.571,P441,Bilal,LIVE_MONITORING,4095.0,100.0,4095.0,HIGH,LIVE
2026-08-27 16:04:45.977,P441,Bilal,LIVE_MONITORING,4095.0,100.0,4095.0,HIGH,LIVE
2026-08-27 16:04:47.005,P441,Bilal,LIVE_MONITORING,4095.0,100.0,4095.0,HIGH,LIVE
2026-08-27 16:04:48.100,P441,Bilal,LIVE_MONITORING,4095.0,100.0,4095.0,HIGH,LIVE
2026-08-27 16:04:49.131,P441,Bilal,LIVE_MONITORING,4095.0,100.0,4095.0,HIGH,LIVE
2026-08-27 16:05:49.457,P441,Bilal,LIVE_MONITORING,4095.0,100.0,4095.0,HIGH,LIVE
2026-08-27 16:05:49.582,P441,Bilal,Finger Flexion,4095.0,100.0,4095.0,HIGH,STARTED
2026-08-27 16:06:20.349,P441,Bilal,Finger Flexion,4095.0,100.0,4095.0,HIGH,COMPLETED
2026-08-27 16:06:20.530,P441,Bilal,LIVE_MONITORING,4095.0,100.0,4095.0,HIGH,LIVE
2026-08-27 16:06:21.730,P441,Bilal,LIVE_MONITORING,4095.0,100.0,4095.0,HIGH,LIVE
2026-08-27 16:06:22.763,P441,Bilal,LIVE_MONITORING,4095.0,100.0,4095.0,HIGH,LIVE
2026-08-27 16:06:24.350,P441,Bilal,LIVE_MONITORING,4095.0,100.0,4095.0,HIGH,LIVE
2026-08-27 16:06:25.825,P441,Bilal,LIVE_MONITORING,4095.0,100.0,4095.0,HIGH,LIVE
2026-08-27 16:06:26.848,P441,Bilal,LIVE_MONITORING,4095.0,100.0,4095.0,HIGH,LIVE
2026-08-27 16:06:27.943,P441,Bilal,LIVE_MONITORING,4095.0,100.0,4095.0,HIGH,LIVE
2026-08-27 16:06:29.941,P441,Bilal,LIVE_MONITORING,4095.0,100.0,4095.0,HIGH,LIVE
2026-08-27 16:06:31.149,P441,Bilal,LIVE_MONITORING,4095.0,100.0,4095.0,HIGH,LIVE
2026-08-27 16:06:32.379,P441,Bilal,LIVE_MONITORING,4095.0,100.0,4095.0,HIGH,LIVE
2026-08-27 16:06:34.401,P441,Bilal,LIVE_MONITORING,4095.0,100.0,4095.0,HIGH,LIVE
2026-08-27 16:06:35.862,P441,Bilal,LIVE_MONITORING,4095.0,100.0,4095.0,HIGH,LIVE
2026-08-27 16:06:37.091,P441,Bilal,LIVE_MONITORING,4095.0,100.0,4095.0,HIGH,LIVE
2026-08-27 16:06:38.120,P441,Bilal,LIVE_MONITORING,4095.0,100.0,4095.0,HIGH,LIVE
2026-08-27 16:06:39.355,P441,Bilal,LIVE_MONITORING,4095.0,100.0,4095.0,HIGH,LIVE
2026-08-27 16:06:40.425,P441,Bilal,LIVE_MONITORING,4095.0,100.0,4095.0,HIGH,LIVE
2026-08-27 16:06:42.005,P441,Bilal,LIVE_MONITORING,4095.0,100.0,4095.0,HIGH,LIVE
2026-08-27 16:06:43.915,P441,Bilal,LIVE_MONITORING,4095.0,100.0,4095.0,HIGH,LIVE
2026-08-27 16:06:45.076,P441,Bilal,LIVE_MONITORING,4095.0,100.0,4095.0,HIGH,LIVE
2026-08-27 16:06:46.217,P441,Bilal,LIVE_MONITORING,4095.0,100.0,4095.0,HIGH,LIVE
2026-08-27 16:06:47.398,P441,Bilal,LIVE_MONITORING,4095.0,100.0,4095.0,HIGH,LIVE
2026-08-27 16:06:48.766,P441,Bilal,LIVE_MONITORING,3344.0,100.0,3344.0,HIGH,LIVE
2026-08-27 16:06:49.834,P441,Bilal,LIVE_MONITORING,749.0,1.0,749.0,LOW,LIVE
2026-08-27 16:06:51.221,P441,Bilal,LIVE_MONITORING,985.0,15.0,985.0,LOW,LIVE
2026-08-27 16:06:52.288,P441,Bilal,LIVE_MONITORING,4095.0,100.0,4095.0,HIGH,LIVE
2026-08-27 16:06:53.494,P441,Bilal,LIVE_MONITORING,4095.0,100.0,4095.0,HIGH,LIVE
2026-08-27 16:06:55.935,P441,Bilal,LIVE_MONITORING,4026.0,100.0,4026.0,HIGH,LIVE
2026-08-27 16:06:56.961,P441,Bilal,LIVE_MONITORING,4024.0,100.0,4024.0,HIGH,LIVE
2026-08-27 16:06:58.184,P441,Bilal,LIVE_MONITORING,4095.0,100.0,4095.0,HIGH,LIVE
2026-08-27 16:06:59.227,P441,Bilal,LIVE_MONITORING,4095.0,100.0,4095.0,HIGH,LIVE
2026-08-27 16:07:00.254,P441,Bilal,LIVE_MONITORING,4095.0,100.0,4095.0,HIGH,LIVE
2026-08-27 16:07:01.269,P441,Bilal,LIVE_MONITORING,4095.0,100.0,4095.0,HIGH,LIVE
2026-08-27 16:07:02.320,P441,Bilal,LIVE_MONITORING,4060.0,100.0,4060.0,HIGH,LIVE
2026-08-27 16:07:03.721,P441,Bilal,LIVE_MONITORING,4095.0,100.0,4095.0,HIGH,LIVE
2026-08-27 16:07:04.802,P441,Bilal,LIVE_MONITORING,4055.0,100.0,4055.0,HIGH,LIVE
2026-08-27 16:07:06.379,P441,Bilal,LIVE_MONITORING,3982.0,100.0,3982.0,HIGH,LIVE
2026-08-27 16:07:07.403,P441,Bilal,LIVE_MONITORING,4095.0,100.0,4095.0,HIGH,LIVE
2026-08-27 16:07:08.429,P441,Bilal,LIVE_MONITORING,4095.0,100.0,4095.0,HIGH,LIVE
2026-08-27 16:07:09.664,P441,Bilal,LIVE_MONITORING,4095.0,100.0,4095.0,HIGH,LIVE
2026-08-27 16:07:10.703,P441,Bilal,LIVE_MONITORING,4095.0,100.0,4095.0,HIGH,LIVE
2026-08-27 16:07:12.528,P441,Bilal,LIVE_MONITORING,4095.0,100.0,4095.0,HIGH,LIVE
2026-08-27 16:07:14.582,P441,Bilal,LIVE_MONITORING,4095.0,100.0,4095.0,HIGH,LIVE
2026-08-27 16:07:15.708,P441,Bilal,LIVE_MONITORING,4095.0,100.0,4095.0,HIGH,LIVE
2026-08-27 16:07:17.669,P441,Bilal,LIVE_MONITORING,4095.0,100.0,4095.0,HIGH,LIVE
2026-08-27 16:07:19.072,P441,Bilal,LIVE_MONITORING,4095.0,100.0,4095.0,HIGH,LIVE
2026-08-27 16:07:20.096,P441,Bilal,LIVE_MONITORING,4095.0,100.0,4095.0,HIGH,LIVE
2026-08-27 16:07:21.129,P441,Bilal,LIVE_MONITORING,4095.0,100.0,4095.0,HIGH,LIVE
2026-08-27 16:07:22.772,P441,Bilal,LIVE_MONITORING,4095.0,100.0,4095.0,HIGH,LIVE
2026-08-27 16:07:23.850,P441,Bilal,LIVE_MONITORING,4095.0,100.0,4095.0,HIGH,LIVE
2026-08-27 16:07:25.223,P441,Bilal,LIVE_MONITORING,4095.0,100.0,4095.0,HIGH,LIVE
2026-08-27 16:07:26.807,P441,Bilal,LIVE_MONITORING,3944.0,100.0,3944.0,HIGH,LIVE
2026-08-27 16:07:29.538,P441,Bilal,LIVE_MONITORING,4095.0,100.0,4095.0,HIGH,LIVE
2026-08-27 16:07:30.565,P441,Bilal,LIVE_MONITORING,4087.0,100.0,4087.0,HIGH,LIVE
2026-08-27 16:07:31.607,P441,Bilal,LIVE_MONITORING,4095.0,100.0,4095.0,HIGH,LIVE
2026-08-27 16:07:32.798,P441,Bilal,LIVE_MONITORING,3811.0,100.0,3811.0,HIGH,LIVE
2026-08-27 16:07:34.029,P441,Bilal,LIVE_MONITORING,4095.0,100.0,4095.0,HIGH,LIVE
2026-08-27 16:07:35.055,P441,Bilal,LIVE_MONITORING,4095.0,100.0,4095.0,HIGH,LIVE
2026-08-27 16:07:36.072,P441,Bilal,LIVE_MONITORING,4095.0,100.0,4095.0,HIGH,LIVE
2026-08-27 16:07:37.513,P441,Bilal,LIVE_MONITORING,4095.0,100.0,4095.0,HIGH,LIVE
2026-08-27 16:07:38.553,P441,Bilal,LIVE_MONITORING,4095.0,100.0,4095.0,HIGH,LIVE
2026-08-27 16:07:39.597,P441,Bilal,LIVE_MONITORING,4095.0,100.0,4095.0,HIGH,LIVE
2026-08-27 16:07:40.781,P441,Bilal,LIVE_MONITORING,4095.0,100.0,4095.0,HIGH,LIVE
2026-08-27 16:07:42.905,P441,Bilal,LIVE_MONITORING,4095.0,100.0,4095.0,HIGH,LIVE
2026-08-27 16:07:44.674,P441,Bilal,LIVE_MONITORING,4095.0,100.0,4095.0,HIGH,LIVE
2026-08-27 16:07:51.041,P441,Bilal,LIVE_MONITORING,4095.0,100.0,4095.0,HIGH,LIVE
2026-08-27 16:07:53.569,P441,Bilal,LIVE_MONITORING,4095.0,100.0,4095.0,HIGH,LIVE
2026-08-27 16:07:55.736,P441,Bilal,LIVE_MONITORING,4095.0,100.0,4095.0,HIGH,LIVE
2026-08-27 16:07:57.718,P441,Bilal,LIVE_MONITORING,4095.0,100.0,4095.0,HIGH,LIVE
2026-08-27 16:07:58.853,P441,Bilal,LIVE_MONITORING,4095.0,100.0,4095.0,HIGH,LIVE
2026-08-27 16:08:00.672,P441,Bilal,LIVE_MONITORING,4095.0,100.0,4095.0,HIGH,LIVE
2026-08-27 16:08:03.556,P441,Bilal,LIVE_MONITORING,4095.0,100.0,4095.0,HIGH,LIVE
2026-08-27 16:08:05.175,P441,Bilal,LIVE_MONITORING,4095.0,100.0,4095.0,HIGH,LIVE
2026-08-27 16:08:07.106,P441,Bilal,LIVE_MONITORING,3820.0,100.0,3820.0,HIGH,LIVE
2026-08-27 16:08:11.440,P441,Bilal,LIVE_MONITORING,4095.0,100.0,4095.0,HIGH,LIVE
2026-08-27 16:08:14.583,P441,Bilal,LIVE_MONITORING,3900.0,100.0,3900.0,HIGH,LIVE
2026-08-27 16:08:15.658,P441,Bilal,LIVE_MONITORING,4095.0,100.0,4095.0,HIGH,LIVE
2026-08-27 16:08:16.889,P441,Bilal,LIVE_MONITORING,4095.0,100.0,4095.0,HIGH,LIVE
2026-08-27 16:08:18.890,P441,Bilal,LIVE_MONITORING,4095.0,100.0,4095.0,HIGH,LIVE
2026-08-27 16:08:20.547,P441,Bilal,LIVE_MONITORING,4095.0,100.0,4095.0,HIGH,LIVE
2026-08-27 16:08:21.547,P441,Bilal,LIVE_MONITORING,4095.0,100.0,4095.0,HIGH,LIVE
2026-08-27 16:08:22.563,P441,Bilal,LIVE_MONITORING,4095.0,100.0,4095.0,HIGH,LIVE
2026-08-27 16:08:24.005,P441,Bilal,LIVE_MONITORING,4095.0,100.0,4095.0,HIGH,LIVE
2026-08-27 16:08:25.233,P441,Bilal,LIVE_MONITORING,4095.0,100.0,4095.0,HIGH,LIVE
2026-08-27 16:08:26.663,P441,Bilal,LIVE_MONITORING,2937.0,100.0,2937.0,HIGH,LIVE
2026-08-27 16:08:27.893,P441,Bilal,LIVE_MONITORING,396.0,0.0,396.0,LOW,LIVE
2026-08-27 16:08:28.918,P441,Bilal,LIVE_MONITORING,47.0,0.0,47.0,LOW,LIVE
2026-08-27 16:08:29.946,P441,Bilal,LIVE_MONITORING,0.0,0.0,0.0,LOW,LIVE
2026-08-27 16:08:32.603,P441,Bilal,LIVE_MONITORING,0.0,0.0,0.0,LOW,LIVE
2026-08-27 16:08:34.915,P441,Bilal,LIVE_MONITORING,0.0,0.0,0.0,LOW,LIVE
2026-08-27 16:08:37.523,P441,Bilal,LIVE_MONITORING,0.0,0.0,0.0,LOW,LIVE
2026-08-27 16:08:39.576,P441,Bilal,LIVE_MONITORING,0.0,0.0,0.0,LOW,LIVE
2026-08-27 16:08:41.204,P441,Bilal,LIVE_MONITORING,3094.0,100.0,3094.0,HIGH,LIVE
2026-08-27 16:08:43.261,P441,Bilal,LIVE_MONITORING,4095.0,100.0,4095.0,HIGH,LIVE
2026-08-27 16:08:45.419,P441,Bilal,LIVE_MONITORING,4095.0,100.0,4095.0,HIGH,LIVE
2026-08-27 16:08:47.274,P441,Bilal,LIVE_MONITORING,4095.0,100.0,4095.0,HIGH,LIVE
2026-08-27 16:08:48.571,P441,Bilal,LIVE_MONITORING,3516.0,100.0,3516.0,HIGH,LIVE
2026-08-27 16:08:49.809,P441,Bilal,LIVE_MONITORING,94.0,0.0,94.0,LOW,LIVE
2026-08-27 16:08:51.442,P441,Bilal,LIVE_MONITORING,0.0,0.0,0.0,LOW,LIVE
2026-08-27 16:08:54.625,P441,Bilal,LIVE_MONITORING,0.0,0.0,0.0,LOW,LIVE
2026-08-27 16:08:56.485,P441,Bilal,LIVE_MONITORING,0.0,0.0,0.0,LOW,LIVE
2026-08-27 16:08:58.345,P441,Bilal,LIVE_MONITORING,0.0,0.0,0.0,LOW,LIVE
2026-08-27 16:09:00.328,P441,Bilal,LIVE_MONITORING,0.0,0.0,0.0,LOW,LIVE
2026-08-27 16:09:03.594,P441,Bilal,LIVE_MONITORING,100.0,0.0,100.0,LOW,LIVE
2026-08-27 16:09:05.488,P441,Bilal,LIVE_MONITORING,4095.0,100.0,4095.0,HIGH,LIVE
2026-08-27 16:09:08.239,P441,Bilal,LIVE_MONITORING,4095.0,100.0,4095.0,HIGH,LIVE
2026-08-27 16:09:09.265,P441,Bilal,LIVE_MONITORING,97.0,0.0,97.0,LOW,LIVE
2026-08-27 16:09:12.008,P441,Bilal,LIVE_MONITORING,2597.0,100.0,2597.0,HIGH,LIVE
2026-08-27 16:09:13.363,P441,Bilal,LIVE_MONITORING,13.0,0.0,13.0,LOW,LIVE
2026-08-27 16:09:15.652,P441,Bilal,LIVE_MONITORING,3904.0,100.0,3904.0,HIGH,LIVE
2026-08-27 16:09:17.584,P441,Bilal,LIVE_MONITORING,72.0,0.0,72.0,LOW,LIVE
2026-08-27 16:09:18.883,P441,Bilal,LIVE_MONITORING,3236.0,100.0,3236.0,HIGH,LIVE
2026-08-27 16:09:20.905,P441,Bilal,LIVE_MONITORING,4087.0,100.0,4087.0,HIGH,LIVE
2026-08-27 16:09:21.959,P441,Bilal,LIVE_MONITORING,4095.0,100.0,4095.0,HIGH,LIVE
2026-08-27 16:09:23.970,P441,Bilal,LIVE_MONITORING,4095.0,100.0,4095.0,HIGH,LIVE
2026-08-27 16:09:26.878,P441,Bilal,LIVE_MONITORING,4095.0,100.0,4095.0,HIGH,LIVE
2026-08-27 16:09:27.895,P441,Bilal,LIVE_MONITORING,4095.0,100.0,4095.0,HIGH,LIVE
2026-08-27 16:09:30.810,P441,Bilal,LIVE_MONITORING,4095.0,100.0,4095.0,HIGH,LIVE
2026-08-27 16:09:31.990,P441,Bilal,LIVE_MONITORING,4095.0,100.0,4095.0,HIGH,LIVE
2026-08-27 16:09:33.219,P441,Bilal,LIVE_MONITORING,4095.0,100.0,4095.0,HIGH,LIVE
2026-08-27 16:09:34.242,P441,Bilal,LIVE_MONITORING,4095.0,100.0,4095.0,HIGH,LIVE
2026-08-27 16:09:35.472,P441,Bilal,LIVE_MONITORING,4095.0,100.0,4095.0,HIGH,LIVE
2026-08-27 16:09:36.699,P441,Bilal,LIVE_MONITORING,4095.0,100.0,4095.0,HIGH,LIVE
2026-08-27 16:09:37.722,P441,Bilal,LIVE_MONITORING,4095.0,100.0,4095.0,HIGH,LIVE
2026-08-27 16:09:39.033,P441,Bilal,LIVE_MONITORING,4095.0,100.0,4095.0,HIGH,LIVE
2026-08-27 16:09:40.388,P441,Bilal,LIVE_MONITORING,4095.0,100.0,4095.0,HIGH,LIVE
2026-08-27 16:09:41.432,P441,Bilal,LIVE_MONITORING,4095.0,100.0,4095.0,HIGH,LIVE
2026-08-27 16:09:42.434,P441,Bilal,LIVE_MONITORING,4095.0,100.0,4095.0,HIGH,LIVE
2026-08-27 16:09:44.482,P441,Bilal,LIVE_MONITORING,4095.0,100.0,4095.0,HIGH,LIVE
2026-08-27 16:09:45.510,P441,Bilal,LIVE_MONITORING,4095.0,100.0,4095.0,HIGH,LIVE
2026-08-27 16:09:47.772,P441,Bilal,LIVE_MONITORING,675.0,0.0,675.0,LOW,LIVE
2026-08-27 16:09:48.803,P441,Bilal,LIVE_MONITORING,0.0,0.0,0.0,LOW,LIVE
2026-08-27 16:09:49.810,P441,Bilal,LIVE_MONITORING,596.0,0.0,596.0,LOW,LIVE
2026-08-27 16:09:51.035,P441,Bilal,LIVE_MONITORING,638.0,0.0,638.0,LOW,LIVE
2026-08-27 16:09:52.263,P441,Bilal,LIVE_MONITORING,99.0,0.0,99.0,LOW,LIVE
2026-08-27 16:09:53.313,P441,Bilal,LIVE_MONITORING,204.0,0.0,204.0,LOW,LIVE
2026-08-27 16:09:54.318,P441,Bilal,LIVE_MONITORING,379.0,0.0,379.0,LOW,LIVE
2026-08-27 16:09:56.980,P441,Bilal,LIVE_MONITORING,2559.0,100.0,2559.0,HIGH,LIVE
2026-08-27 16:09:58.213,P441,Bilal,LIVE_MONITORING,125.0,0.0,125.0,LOW,LIVE
2026-08-27 16:09:59.843,P441,Bilal,LIVE_MONITORING,281.0,0.0,281.0,LOW,LIVE
2026-08-27 16:10:01.089,P441,Bilal,LIVE_MONITORING,3619.0,100.0,3619.0,HIGH,LIVE
2026-08-27 16:10:02.095,P441,Bilal,LIVE_MONITORING,4095.0,100.0,4095.0,HIGH,LIVE
2026-08-27 16:10:03.120,P441,Bilal,LIVE_MONITORING,4095.0,100.0,4095.0,HIGH,LIVE
2026-08-27 16:10:05.166,P441,Bilal,LIVE_MONITORING,2693.0,100.0,2693.0,HIGH,LIVE
2026-08-27 16:10:06.394,P441,Bilal,LIVE_MONITORING,2256.0,91.0,2256.0,HIGH,LIVE
2026-08-27 16:10:07.425,P441,Bilal,LIVE_MONITORING,38.0,0.0,38.0,LOW,LIVE
2026-08-27 16:10:08.448,P441,Bilal,LIVE_MONITORING,2460.0,100.0,2460.0,HIGH,LIVE
2026-08-27 16:10:10.327,P441,Bilal,LIVE_MONITORING,3122.0,100.0,3122.0,HIGH,LIVE
2026-08-27 16:10:11.720,P441,Bilal,LIVE_MONITORING,4095.0,100.0,4095.0,HIGH,LIVE
2026-08-27 16:10:13.308,P441,Bilal,LIVE_MONITORING,4095.0,100.0,4095.0,HIGH,LIVE
2026-08-27 16:10:15.149,P441,Bilal,LIVE_MONITORING,4095.0,100.0,4095.0,HIGH,LIVE
2026-08-27 16:10:17.099,P441,Bilal,LIVE_MONITORING,4095.0,100.0,4095.0,HIGH,LIVE
2026-08-27 16:10:20.096,P441,Bilal,LIVE_MONITORING,4095.0,100.0,4095.0,HIGH,LIVE
2026-08-27 16:10:26.058,P441,Bilal,LIVE_MONITORING,4095.0,100.0,4095.0,HIGH,LIVE
2026-08-27 16:10:27.701,P441,Bilal,LIVE_MONITORING,4095.0,100.0,4095.0,HIGH,LIVE
2026-08-27 16:10:29.355,P441,Bilal,LIVE_MONITORING,4095.0,100.0,4095.0,HIGH,LIVE
2026-08-27 16:10:30.982,P441,Bilal,LIVE_MONITORING,4095.0,100.0,4095.0,HIGH,LIVE
2026-08-27 16:10:32.664,P441,Bilal,LIVE_MONITORING,4095.0,100.0,4095.0,HIGH,LIVE
2026-08-27 16:10:34.466,P441,Bilal,LIVE_MONITORING,4095.0,100.0,4095.0,HIGH,LIVE
2026-08-27 16:10:35.493,P441,Bilal,LIVE_MONITORING,4095.0,100.0,4095.0,HIGH,LIVE
2026-08-27 16:10:36.507,P441,Bilal,LIVE_MONITORING,4095.0,100.0,4095.0,HIGH,LIVE
2026-08-27 16:10:40.200,P441,Bilal,LIVE_MONITORING,4095.0,100.0,4095.0,HIGH,LIVE
2026-08-27 16:10:42.587,P441,Bilal,LIVE_MONITORING,4095.0,100.0,4095.0,HIGH,LIVE
2026-08-27 16:10:43.680,P441,Bilal,LIVE_MONITORING,4095.0,100.0,4095.0,HIGH,LIVE
2026-08-27 16:10:44.771,P441,Bilal,LIVE_MONITORING,4095.0,100.0,4095.0,HIGH,LIVE
2026-08-27 16:10:46.124,P441,Bilal,LIVE_MONITORING,4095.0,100.0,4095.0,HIGH,LIVE
2026-08-27 16:10:47.366,P441,Bilal,LIVE_MONITORING,4095.0,100.0,4095.0,HIGH,LIVE
2026-08-27 16:10:48.391,P441,Bilal,LIVE_MONITORING,4095.0,100.0,4095.0,HIGH,LIVE
2026-08-27 16:10:50.264,P441,Bilal,LIVE_MONITORING,4095.0,100.0,4095.0,HIGH,LIVE
2026-08-27 16:10:51.736,P441,Bilal,LIVE_MONITORING,4095.0,100.0,4095.0,HIGH,LIVE
2026-08-27 16:10:53.293,P441,Bilal,LIVE_MONITORING,4095.0,100.0,4095.0,HIGH,LIVE
2026-08-27 16:10:54.536,P441,Bilal,LIVE_MONITORING,4095.0,100.0,4095.0,HIGH,LIVE
2026-08-27 16:10:56.171,P441,Bilal,LIVE_MONITORING,4095.0,100.0,4095.0,HIGH,LIVE
2026-08-27 16:10:57.392,P441,Bilal,LIVE_MONITORING,4095.0,100.0,4095.0,HIGH,LIVE
2026-08-27 16:10:58.415,P441,Bilal,LIVE_MONITORING,4095.0,100.0,4095.0,HIGH,LIVE
2026-08-27 16:10:59.440,P441,Bilal,LIVE_MONITORING,4095.0,100.0,4095.0,HIGH,LIVE
2026-08-27 16:11:00.885,P441,Bilal,LIVE_MONITORING,4095.0,100.0,4095.0,HIGH,LIVE
2026-08-27 16:11:02.530,P441,Bilal,LIVE_MONITORING,4095.0,100.0,4095.0,HIGH,LIVE
2026-08-27 16:11:03.755,P441,Bilal,LIVE_MONITORING,4095.0,100.0,4095.0,HIGH,LIVE
2026-08-27 16:11:06.109,P441,Bilal,LIVE_MONITORING,4095.0,100.0,4095.0,HIGH,LIVE
2026-08-27 16:11:09.731,P441,Bilal,LIVE_MONITORING,4095.0,100.0,4095.0,HIGH,LIVE
2026-08-27 16:11:11.117,P441,Bilal,LIVE_MONITORING,4095.0,100.0,4095.0,HIGH,LIVE
2026-08-27 16:11:12.143,P441,Bilal,LIVE_MONITORING,4095.0,100.0,4095.0,HIGH,LIVE
2026-08-27 16:11:13.369,P441,Bilal,LIVE_MONITORING,4095.0,100.0,4095.0,HIGH,LIVE
2026-08-27 16:11:14.389,P441,Bilal,LIVE_MONITORING,4095.0,100.0,4095.0,HIGH,LIVE
2026-08-27 16:11:21.839,P441,Bilal,LIVE_MONITORING,4095.0,100.0,4095.0,HIGH,LIVE
2026-08-27 16:11:23.009,P441,Bilal,LIVE_MONITORING,4095.0,100.0,4095.0,HIGH,LIVE
2026-08-27 16:11:24.059,P441,Bilal,LIVE_MONITORING,4095.0,100.0,4095.0,HIGH,LIVE
2026-08-27 16:11:25.451,P441,Bilal,LIVE_MONITORING,4095.0,100.0,4095.0,HIGH,LIVE
2026-08-27 16:11:26.472,P441,Bilal,LIVE_MONITORING,4095.0,100.0,4095.0,HIGH,LIVE
2026-08-27 16:11:27.493,P441,Bilal,LIVE_MONITORING,4095.0,100.0,4095.0,HIGH,LIVE
2026-08-27 16:11:28.525,P441,Bilal,LIVE_MONITORING,4095.0,100.0,4095.0,HIGH,LIVE
2026-08-27 16:11:29.759,P441,Bilal,LIVE_MONITORING,4095.0,100.0,4095.0,HIGH,LIVE
2026-08-27 16:11:31.631,P441,Bilal,LIVE_MONITORING,4095.0,100.0,4095.0,HIGH,LIVE
2026-08-27 16:11:33.034,P441,Bilal,LIVE_MONITORING,4095.0,100.0,4095.0,HIGH,LIVE
2026-08-27 16:11:34.472,P441,Bilal,LIVE_MONITORING,4095.0,100.0,4095.0,HIGH,LIVE
2026-08-27 16:11:35.706,P441,Bilal,LIVE_MONITORING,4095.0,100.0,4095.0,HIGH,LIVE
2026-08-27 16:11:37.990,P441,Bilal,LIVE_MONITORING,4095.0,100.0,4095.0,HIGH,LIVE
2026-08-27 16:11:39.603,P441,Bilal,LIVE_MONITORING,4095.0,100.0,4095.0,HIGH,LIVE
2026-08-27 16:11:40.823,P441,Bilal,LIVE_MONITORING,4095.0,100.0,4095.0,HIGH,LIVE
2026-08-27 16:11:41.863,P441,Bilal,LIVE_MONITORING,4095.0,100.0,4095.0,HIGH,LIVE
2026-08-27 16:11:43.642,P441,Bilal,LIVE_MONITORING,4095.0,100.0,4095.0,HIGH,LIVE
2026-08-27 16:11:45.882,P441,Bilal,LIVE_MONITORING,4095.0,100.0,4095.0,HIGH,LIVE
2026-08-27 16:11:48.496,P441,Bilal,LIVE_MONITORING,4095.0,100.0,4095.0,HIGH,LIVE
2026-08-27 16:11:49.643,P441,Bilal,LIVE_MONITORING,4095.0,100.0,4095.0,HIGH,LIVE
2026-08-27 16:11:51.255,P441,Bilal,LIVE_MONITORING,4095.0,100.0,4095.0,HIGH,LIVE
2026-08-27 16:11:54.749,P441,Bilal,LIVE_MONITORING,4095.0,100.0,4095.0,HIGH,LIVE
2026-08-27 16:11:57.624,P441,Bilal,LIVE_MONITORING,4095.0,100.0,4095.0,HIGH,LIVE
2026-08-27 16:11:58.648,P441,Bilal,LIVE_MONITORING,4095.0,100.0,4095.0,HIGH,LIVE
2026-08-27 16:12:01.007,P441,Bilal,LIVE_MONITORING,4095.0,100.0,4095.0,HIGH,LIVE
2026-08-27 16:12:02.106,P441,Bilal,LIVE_MONITORING,4095.0,100.0,4095.0,HIGH,LIVE
2026-08-27 16:12:04.201,P441,Bilal,LIVE_MONITORING,4095.0,100.0,4095.0,HIGH,LIVE
2026-08-27 16:12:05.391,P441,Bilal,LIVE_MONITORING,4095.0,100.0,4095.0,HIGH,LIVE
2026-08-27 16:12:06.614,P441,Bilal,LIVE_MONITORING,4095.0,100.0,4095.0,HIGH,LIVE
2026-08-27 16:12:08.261,P441,Bilal,LIVE_MONITORING,4095.0,100.0,4095.0,HIGH,LIVE
2026-08-27 16:12:09.696,P441,Bilal,LIVE_MONITORING,4095.0,100.0,4095.0,HIGH,LIVE
2026-08-27 16:12:10.732,P441,Bilal,LIVE_MONITORING,4095.0,100.0,4095.0,HIGH,LIVE
2026-08-27 16:12:13.415,P441,Bilal,LIVE_MONITORING,4095.0,100.0,4095.0,HIGH,LIVE
2026-08-27 16:12:15.152,P441,Bilal,LIVE_MONITORING,4095.0,100.0,4095.0,HIGH,LIVE
2026-08-27 16:12:17.265,P441,Bilal,LIVE_MONITORING,4095.0,100.0,4095.0,HIGH,LIVE
2026-08-27 16:12:18.499,P441,Bilal,LIVE_MONITORING,4095.0,100.0,4095.0,HIGH,LIVE
2026-08-27 16:12:19.930,P441,Bilal,LIVE_MONITORING,4095.0,100.0,4095.0,HIGH,LIVE
2026-08-27 16:12:22.087,P441,Bilal,LIVE_MONITORING,4095.0,100.0,4095.0,HIGH,LIVE
2026-08-27 16:12:24.767,P441,Bilal,LIVE_MONITORING,4095.0,100.0,4095.0,HIGH,LIVE
2026-08-27 16:12:27.021,P441,Bilal,LIVE_MONITORING,4095.0,100.0,4095.0,HIGH,LIVE
2026-08-27 16:12:28.687,P441,Bilal,LIVE_MONITORING,4095.0,100.0,4095.0,HIGH,LIVE
2026-08-27 16:12:30.026,P441,Bilal,LIVE_MONITORING,4095.0,100.0,4095.0,HIGH,LIVE
2026-08-27 16:12:31.771,P441,Bilal,LIVE_MONITORING,4095.0,100.0,4095.0,HIGH,LIVE
2026-08-27 16:12:33.252,P441,Bilal,LIVE_MONITORING,4095.0,100.0,4095.0,HIGH,LIVE
2026-08-27 16:12:35.130,P441,Bilal,LIVE_MONITORING,4095.0,100.0,4095.0,HIGH,LIVE
2026-08-27 16:12:36.307,P441,Bilal,LIVE_MONITORING,4095.0,100.0,4095.0,HIGH,LIVE
2026-08-27 16:12:37.332,P441,Bilal,LIVE_MONITORING,4095.0,100.0,4095.0,HIGH,LIVE
2026-08-27 16:12:39.593,P441,Bilal,LIVE_MONITORING,4095.0,100.0,4095.0,HIGH,LIVE
2026-08-27 16:12:40.615,P441,Bilal,LIVE_MONITORING,4095.0,100.0,4095.0,HIGH,LIVE
2026-08-27 16:12:41.852,P441,Bilal,LIVE_MONITORING,4095.0,100.0,4095.0,HIGH,LIVE
2026-08-27 16:12:43.089,P441,Bilal,LIVE_MONITORING,4095.0,100.0,4095.0,HIGH,LIVE
2026-08-27 16:12:45.523,P441,Bilal,LIVE_MONITORING,4095.0,100.0,4095.0,HIGH,LIVE
2026-08-27 16:12:46.550,P441,Bilal,LIVE_MONITORING,4095.0,100.0,4095.0,HIGH,LIVE
2026-08-27 16:12:47.573,P441,Bilal,LIVE_MONITORING,4095.0,100.0,4095.0,HIGH,LIVE
2026-08-27 16:12:55.122,P441,Bilal,LIVE_MONITORING,4095.0,100.0,4095.0,HIGH,LIVE
2026-08-27 16:12:57.689,P441,Bilal,LIVE_MONITORING,4095.0,100.0,4095.0,HIGH,LIVE
2026-08-27 16:12:59.751,P441,Bilal,LIVE_MONITORING,4095.0,100.0,4095.0,HIGH,LIVE
2026-08-27 16:13:06.415,P441,Bilal,LIVE_MONITORING,4095.0,100.0,4095.0,HIGH,LIVE
2026-08-27 16:13:08.495,P441,Bilal,LIVE_MONITORING,4095.0,100.0,4095.0,HIGH,LIVE
2026-08-27 16:13:13.792,P441,Bilal,LIVE_MONITORING,4095.0,100.0,4095.0,HIGH,LIVE
2026-08-27 16:13:15.754,P441,Bilal,LIVE_MONITORING,4095.0,100.0,4095.0,HIGH,LIVE
2026-08-27 16:13:19.124,P441,Bilal,LIVE_MONITORING,4095.0,100.0,4095.0,HIGH,LIVE
2026-08-27 16:13:20.987,P441,Bilal,LIVE_MONITORING,4095.0,100.0,4095.0,HIGH,LIVE
2026-08-27 16:13:22.590,P441,Bilal,LIVE_MONITORING,4095.0,100.0,4095.0,HIGH,LIVE
2026-08-27 16:13:25.169,P441,Bilal,LIVE_MONITORING,4095.0,100.0,4095.0,HIGH,LIVE
2026-08-27 16:13:27.345,P441,Bilal,LIVE_MONITORING,4095.0,100.0,4095.0,HIGH,LIVE
2026-08-27 16:13:30.037,P441,Bilal,LIVE_MONITORING,4095.0,100.0,4095.0,HIGH,LIVE
2026-08-27 16:13:31.072,P441,Bilal,LIVE_MONITORING,4095.0,100.0,4095.0,HIGH,LIVE
2026-08-27 16:13:33.365,P441,Bilal,LIVE_MONITORING,4095.0,100.0,4095.0,HIGH,LIVE
2026-08-27 16:13:35.299,P441,Bilal,LIVE_MONITORING,4095.0,100.0,4095.0,HIGH,LIVE
2026-08-27 16:13:36.636,P441,Bilal,LIVE_MONITORING,4095.0,100.0,4095.0,HIGH,LIVE
2026-08-27 16:13:37.967,P441,Bilal,LIVE_MONITORING,4095.0,100.0,4095.0,HIGH,LIVE
2026-08-27 16:13:38.982,P441,Bilal,LIVE_MONITORING,4095.0,100.0,4095.0,HIGH,LIVE
2026-08-27 16:13:41.062,P441,Bilal,LIVE_MONITORING,4095.0,100.0,4095.0,HIGH,LIVE
2026-08-27 16:13:42.259,P441,Bilal,LIVE_MONITORING,4095.0,100.0,4095.0,HIGH,LIVE
2026-08-27 16:13:43.695,P441,Bilal,LIVE_MONITORING,4095.0,100.0,4095.0,HIGH,LIVE
2026-08-27 16:13:44.711,P441,Bilal,LIVE_MONITORING,4095.0,100.0,4095.0,HIGH,LIVE
2026-08-27 16:13:45.793,P441,Bilal,LIVE_MONITORING,4095.0,100.0,4095.0,HIGH,LIVE
2026-08-27 16:13:47.176,P441,Bilal,LIVE_MONITORING,4095.0,100.0,4095.0,HIGH,LIVE
2026-08-27 16:13:48.204,P441,Bilal,LIVE_MONITORING,4095.0,100.0,4095.0,HIGH,LIVE
2026-08-27 16:13:49.630,P441,Bilal,LIVE_MONITORING,4095.0,100.0,4095.0,HIGH,LIVE
2026-08-27 16:13:50.855,P441,Bilal,LIVE_MONITORING,4095.0,100.0,4095.0,HIGH,LIVE
2026-08-27 16:13:52.501,P441,Bilal,LIVE_MONITORING,4095.0,100.0,4095.0,HIGH,LIVE
2026-08-27 16:13:54.335,P441,Bilal,LIVE_MONITORING,4095.0,100.0,4095.0,HIGH,LIVE
2026-08-27 16:13:55.379,P441,Bilal,LIVE_MONITORING,4095.0,100.0,4095.0,HIGH,LIVE
2026-08-27 16:13:57.206,P441,Bilal,LIVE_MONITORING,4095.0,100.0,4095.0,HIGH,LIVE
2026-08-27 16:13:58.235,P441,Bilal,LIVE_MONITORING,4095.0,100.0,4095.0,HIGH,LIVE
2026-08-27 16:13:59.268,P441,Bilal,LIVE_MONITORING,4095.0,100.0,4095.0,HIGH,LIVE
2026-08-27 16:14:00.478,P441,Bilal,LIVE_MONITORING,4095.0,100.0,4095.0,HIGH,LIVE
2026-08-27 16:14:02.527,P441,Bilal,LIVE_MONITORING,4095.0,100.0,4095.0,HIGH,LIVE
2026-08-27 16:14:03.668,P441,Bilal,LIVE_MONITORING,4095.0,100.0,4095.0,HIGH,LIVE
2026-08-27 16:14:04.961,P441,Bilal,LIVE_MONITORING,4095.0,100.0,4095.0,HIGH,LIVE
2026-08-27 16:14:07.334,P441,Bilal,LIVE_MONITORING,4095.0,100.0,4095.0,HIGH,LIVE
2026-08-27 16:14:08.732,P441,Bilal,LIVE_MONITORING,4095.0,100.0,4095.0,HIGH,LIVE
2026-08-27 16:14:10.105,P441,Bilal,LIVE_MONITORING,4095.0,100.0,4095.0,HIGH,LIVE
2026-08-27 16:14:11.136,P441,Bilal,LIVE_MONITORING,4095.0,100.0,4095.0,HIGH,LIVE
2026-08-27 16:14:12.154,P441,Bilal,LIVE_MONITORING,4095.0,100.0,4095.0,HIGH,LIVE
2026-08-27 16:14:13.391,P441,Bilal,LIVE_MONITORING,4095.0,100.0,4095.0,HIGH,LIVE
2026-08-27 16:14:14.425,P441,Bilal,LIVE_MONITORING,4095.0,100.0,4095.0,HIGH,LIVE
2026-08-27 16:14:15.433,P441,Bilal,LIVE_MONITORING,4095.0,100.0,4095.0,HIGH,LIVE
2026-08-27 16:14:16.540,P441,Bilal,LIVE_MONITORING,4095.0,100.0,4095.0,HIGH,LIVE
2026-08-27 16:14:17.762,P441,Bilal,LIVE_MONITORING,4095.0,100.0,4095.0,HIGH,LIVE
2026-08-27 16:14:18.909,P441,Bilal,LIVE_MONITORING,4095.0,100.0,4095.0,HIGH,LIVE
2026-08-27 16:14:20.348,P441,Bilal,LIVE_MONITORING,4095.0,100.0,4095.0,HIGH,LIVE
2026-08-27 16:14:21.371,P441,Bilal,LIVE_MONITORING,4095.0,100.0,4095.0,HIGH,LIVE
2026-08-27 16:14:23.950,P441,Bilal,LIVE_MONITORING,4095.0,100.0,4095.0,HIGH,LIVE
2026-08-27 16:14:26.159,P441,Bilal,LIVE_MONITORING,4095.0,100.0,4095.0,HIGH,LIVE
2026-08-27 16:14:27.319,P441,Bilal,LIVE_MONITORING,4095.0,100.0,4095.0,HIGH,LIVE
2026-08-27 16:14:29.683,P441,Bilal,LIVE_MONITORING,4095.0,100.0,4095.0,HIGH,LIVE
2026-08-27 16:14:30.792,P441,Bilal,LIVE_MONITORING,4095.0,100.0,4095.0,HIGH,LIVE
2026-08-27 16:14:32.265,P441,Bilal,LIVE_MONITORING,4095.0,100.0,4095.0,HIGH,LIVE
2026-08-27 16:14:35.296,P441,Bilal,LIVE_MONITORING,4095.0,100.0,4095.0,HIGH,LIVE
2026-08-27 16:14:37.672,P441,Bilal,LIVE_MONITORING,4095.0,100.0,4095.0,HIGH,LIVE
2026-08-27 16:14:38.801,P441,Bilal,LIVE_MONITORING,4095.0,100.0,4095.0,HIGH,LIVE
2026-08-27 16:14:40.216,P441,Bilal,LIVE_MONITORING,4095.0,100.0,4095.0,HIGH,LIVE
2026-08-27 16:14:41.436,P441,Bilal,LIVE_MONITORING,4095.0,100.0,4095.0,HIGH,LIVE
2026-08-27 16:14:42.752,P441,Bilal,LIVE_MONITORING,4095.0,100.0,4095.0,HIGH,LIVE
2026-08-27 16:14:44.319,P441,Bilal,LIVE_MONITORING,4095.0,100.0,4095.0,HIGH,LIVE
2026-08-27 16:14:45.336,P441,Bilal,LIVE_MONITORING,4095.0,100.0,4095.0,HIGH,LIVE
2026-08-27 16:14:48.482,P441,Bilal,LIVE_MONITORING,4095.0,100.0,4095.0,HIGH,LIVE
2026-08-27 16:14:51.508,P441,Bilal,LIVE_MONITORING,4095.0,100.0,4095.0,HIGH,LIVE
2026-08-27 16:14:52.581,P441,Bilal,LIVE_MONITORING,4095.0,100.0,4095.0,HIGH,LIVE
2026-08-27 16:14:53.731,P441,Bilal,LIVE_MONITORING,4095.0,100.0,4095.0,HIGH,LIVE
2026-08-27 16:14:54.956,P441,Bilal,LIVE_MONITORING,4020.0,100.0,4020.0,HIGH,LIVE
2026-08-27 16:14:58.861,P441,Bilal,LIVE_MONITORING,3812.0,100.0,3812.0,HIGH,LIVE
2026-08-27 16:15:02.950,P441,Bilal,LIVE_MONITORING,3815.0,100.0,3815.0,HIGH,LIVE
2026-08-27 16:15:04.196,P441,Bilal,LIVE_MONITORING,4095.0,100.0,4095.0,HIGH,LIVE
2026-08-27 16:15:05.924,P441,Bilal,LIVE_MONITORING,4095.0,100.0,4095.0,HIGH,LIVE
2026-08-27 16:15:07.247,P441,Bilal,LIVE_MONITORING,3806.0,100.0,3806.0,HIGH,LIVE
2026-08-27 16:15:08.475,P441,Bilal,LIVE_MONITORING,0.0,0.0,0.0,LOW,LIVE
2026-08-27 16:15:09.909,P441,Bilal,LIVE_MONITORING,0.0,0.0,0.0,LOW,LIVE
2026-08-27 16:15:12.708,P441,Bilal,LIVE_MONITORING,4095.0,100.0,4095.0,HIGH,LIVE
2026-08-27 16:15:13.797,P441,Bilal,LIVE_MONITORING,917.0,11.0,917.0,LOW,LIVE
2026-08-27 16:15:14.820,P441,Bilal,LIVE_MONITORING,62.0,0.0,62.0,LOW,LIVE
2026-08-27 16:15:15.855,P441,Bilal,LIVE_MONITORING,27.0,0.0,27.0,LOW,LIVE
2026-08-27 16:15:16.876,P441,Bilal,LIVE_MONITORING,66.0,0.0,66.0,LOW,LIVE
2026-08-27 16:15:19.280,P441,Bilal,LIVE_MONITORING,3792.0,100.0,3792.0,HIGH,LIVE
2026-08-27 16:15:20.933,P441,Bilal,LIVE_MONITORING,4095.0,100.0,4095.0,HIGH,LIVE
2026-08-27 16:15:22.051,P441,Bilal,LIVE_MONITORING,4095.0,100.0,4095.0,HIGH,LIVE
2026-08-27 16:15:24.035,P441,Bilal,LIVE_MONITORING,4095.0,100.0,4095.0,HIGH,LIVE
2026-08-27 16:15:25.073,P441,Bilal,LIVE_MONITORING,2635.0,100.0,2635.0,HIGH,LIVE
2026-08-27 16:15:27.115,P441,Bilal,LIVE_MONITORING,0.0,0.0,0.0,LOW,LIVE
2026-08-27 16:15:28.469,P441,Bilal,LIVE_MONITORING,0.0,0.0,0.0,LOW,LIVE
2026-08-27 16:15:29.569,P441,Bilal,LIVE_MONITORING,0.0,0.0,0.0,LOW,LIVE
2026-08-27 16:15:32.408,P441,Bilal,LIVE_MONITORING,0.0,0.0,0.0,LOW,LIVE
2026-08-27 16:15:33.847,P441,Bilal,LIVE_MONITORING,2117.0,83.0,2117.0,HIGH,LIVE
2026-08-27 16:15:35.424,P441,Bilal,LIVE_MONITORING,3785.0,100.0,3785.0,HIGH,LIVE
2026-08-27 16:15:37.059,P441,Bilal,LIVE_MONITORING,4037.0,100.0,4037.0,HIGH,LIVE
2026-08-27 16:15:38.182,P441,Bilal,LIVE_MONITORING,4095.0,100.0,4095.0,HIGH,LIVE
2026-08-27 16:15:39.412,P441,Bilal,LIVE_MONITORING,4095.0,100.0,4095.0,HIGH,LIVE
2026-08-27 16:15:40.436,P441,Bilal,LIVE_MONITORING,4095.0,100.0,4095.0,HIGH,LIVE
2026-08-27 16:15:41.889,P441,Bilal,LIVE_MONITORING,3400.0,100.0,3400.0,HIGH,LIVE
2026-08-27 16:15:42.921,P441,Bilal,LIVE_MONITORING,0.0,0.0,0.0,LOW,LIVE
2026-08-27 16:15:44.114,P441,Bilal,LIVE_MONITORING,0.0,0.0,0.0,LOW,LIVE
2026-08-27 16:15:45.345,P441,Bilal,LIVE_MONITORING,0.0,0.0,0.0,LOW,LIVE
2026-08-27 16:15:46.539,P441,Bilal,LIVE_MONITORING,0.0,0.0,0.0,LOW,LIVE
2026-08-27 16:15:47.793,P441,Bilal,LIVE_MONITORING,0.0,0.0,0.0,LOW,LIVE
2026-08-27 16:15:49.026,P441,Bilal,LIVE_MONITORING,0.0,0.0,0.0,LOW,LIVE
2026-08-27 16:15:50.063,P441,Bilal,LIVE_MONITORING,0.0,0.0,0.0,LOW,LIVE
2026-08-27 16:15:51.284,P441,Bilal,LIVE_MONITORING,0.0,0.0,0.0,LOW,LIVE
2026-08-27 16:15:52.505,P441,Bilal,LIVE_MONITORING,0.0,0.0,0.0,LOW,LIVE
2026-08-27 16:15:54.622,P441,Bilal,LIVE_MONITORING,1776.0,62.0,1776.0,MEDIUM,LIVE
2026-08-27 16:15:56.226,P441,Bilal,LIVE_MONITORING,4095.0,100.0,4095.0,HIGH,LIVE
2026-08-27 16:15:57.333,P441,Bilal,LIVE_MONITORING,4095.0,100.0,4095.0,HIGH,LIVE
2026-08-27 16:15:58.648,P441,Bilal,LIVE_MONITORING,4095.0,100.0,4095.0,HIGH,LIVE
2026-08-27 16:15:59.875,P441,Bilal,LIVE_MONITORING,4095.0,100.0,4095.0,HIGH,LIVE
2026-08-27 16:16:00.912,P441,Bilal,LIVE_MONITORING,27.0,0.0,27.0,LOW,LIVE
2026-08-27 16:16:02.342,P441,Bilal,LIVE_MONITORING,0.0,0.0,0.0,LOW,LIVE
2026-08-27 16:16:03.362,P441,Bilal,LIVE_MONITORING,0.0,0.0,0.0,LOW,LIVE
2026-08-27 16:16:04.382,P441,Bilal,LIVE_MONITORING,83.0,0.0,83.0,LOW,LIVE
2026-08-27 16:16:05.407,P441,Bilal,LIVE_MONITORING,0.0,0.0,0.0,LOW,LIVE
2026-08-27 16:16:06.430,P441,Bilal,LIVE_MONITORING,0.0,0.0,0.0,LOW,LIVE
2026-08-27 16:16:07.481,P441,Bilal,LIVE_MONITORING,0.0,0.0,0.0,LOW,LIVE
2026-08-27 16:16:09.115,P441,Bilal,LIVE_MONITORING,4095.0,100.0,4095.0,HIGH,LIVE
2026-08-27 16:16:10.876,P441,Bilal,LIVE_MONITORING,1208.0,29.0,1208.0,LOW,LIVE
2026-08-27 16:16:15.057,P441,Bilal,LIVE_MONITORING,8.0,0.0,8.0,LOW,LIVE
2026-08-27 16:16:16.594,P441,Bilal,LIVE_MONITORING,0.0,0.0,0.0,LOW,LIVE
2026-08-27 16:16:20.278,P441,Bilal,LIVE_MONITORING,0.0,0.0,0.0,LOW,LIVE
2026-08-27 16:16:22.209,P441,Bilal,LIVE_MONITORING,0.0,0.0,0.0,LOW,LIVE
2026-08-27 16:16:23.250,P441,Bilal,LIVE_MONITORING,0.0,0.0,0.0,LOW,LIVE
2026-08-27 16:16:26.228,P441,Bilal,LIVE_MONITORING,0.0,0.0,0.0,LOW,LIVE
2026-08-27 16:16:30.905,P441,Bilal,LIVE_MONITORING,0.0,0.0,0.0,LOW,LIVE
2026-08-27 16:16:33.752,P441,Bilal,LIVE_MONITORING,4095.0,100.0,4095.0,HIGH,LIVE
2026-08-27 16:16:35.103,P441,Bilal,LIVE_MONITORING,4095.0,100.0,4095.0,HIGH,LIVE
2026-08-27 16:16:36.703,P441,Bilal,LIVE_MONITORING,4095.0,100.0,4095.0,HIGH,LIVE
2026-08-27 16:16:37.796,P441,Bilal,LIVE_MONITORING,332.0,0.0,332.0,LOW,LIVE
2026-08-27 16:16:40.940,P441,Bilal,LIVE_MONITORING,1251.0,31.0,1251.0,LOW,LIVE
2026-08-27 16:16:42.278,P441,Bilal,LIVE_MONITORING,532.0,0.0,532.0,LOW,LIVE
2026-08-27 16:16:43.311,P441,Bilal,LIVE_MONITORING,0.0,0.0,0.0,LOW,LIVE
2026-08-27 16:16:44.322,P441,Bilal,LIVE_MONITORING,654.0,0.0,654.0,LOW,LIVE
2026-08-27 16:16:45.967,P441,Bilal,LIVE_MONITORING,0.0,0.0,0.0,LOW,LIVE
2026-08-27 16:16:47.808,P441,Bilal,LIVE_MONITORING,647.0,0.0,647.0,LOW,LIVE
2026-08-27 16:16:50.274,P441,Bilal,LIVE_MONITORING,2574.0,100.0,2574.0,HIGH,LIVE
2026-08-27 16:16:55.236,P441,Bilal,LIVE_MONITORING,555.0,0.0,555.0,LOW,LIVE
2026-08-27 16:16:57.532,P441,Bilal,LIVE_MONITORING,48.0,0.0,48.0,LOW,LIVE
2026-08-27 16:16:58.863,P441,Bilal,LIVE_MONITORING,4095.0,100.0,4095.0,HIGH,LIVE
2026-08-27 16:16:59.894,P441,Bilal,LIVE_MONITORING,4095.0,100.0,4095.0,HIGH,LIVE
2026-08-27 16:17:01.883,P441,Bilal,LIVE_MONITORING,4095.0,100.0,4095.0,HIGH,LIVE
2026-08-27 16:17:04.888,P441,Bilal,LIVE_MONITORING,4095.0,100.0,4095.0,HIGH,LIVE
2026-08-27 16:17:06.040,P441,Bilal,LIVE_MONITORING,4095.0,100.0,4095.0,HIGH,LIVE
2026-08-27 16:17:08.831,P441,Bilal,LIVE_MONITORING,85.0,0.0,85.0,LOW,LIVE
2026-08-27 16:17:11.746,P441,Bilal,LIVE_MONITORING,31.0,0.0,31.0,LOW,LIVE
2026-08-27 16:17:15.276,P441,Bilal,LIVE_MONITORING,0.0,0.0,0.0,LOW,LIVE
2026-08-27 16:17:17.598,P441,Bilal,LIVE_MONITORING,4095.0,100.0,4095.0,HIGH,LIVE
2026-08-27 16:17:22.002,P441,Bilal,LIVE_MONITORING,4095.0,100.0,4095.0,HIGH,LIVE
2026-08-27 16:17:23.867,P441,Bilal,LIVE_MONITORING,4095.0,100.0,4095.0,HIGH,LIVE
2026-08-27 16:17:25.720,P441,Bilal,LIVE_MONITORING,4095.0,100.0,4095.0,HIGH,LIVE
2026-08-27 16:17:28.580,P441,Bilal,LIVE_MONITORING,4095.0,100.0,4095.0,HIGH,LIVE
2026-08-27 16:17:30.230,P441,Bilal,LIVE_MONITORING,4095.0,100.0,4095.0,HIGH,LIVE
2026-08-27 16:17:31.546,P441,Bilal,LIVE_MONITORING,3955.0,100.0,3955.0,HIGH,LIVE
2026-08-27 16:17:35.588,P441,Bilal,LIVE_MONITORING,4095.0,100.0,4095.0,HIGH,LIVE
2026-08-27 16:17:37.798,P441,Bilal,LIVE_MONITORING,3481.0,100.0,3481.0,HIGH,LIVE
2026-08-27 16:17:38.867,P441,Bilal,LIVE_MONITORING,3530.0,100.0,3530.0,HIGH,LIVE
2026-08-27 16:17:40.652,P441,Bilal,LIVE_MONITORING,3782.0,100.0,3782.0,HIGH,LIVE
2026-08-27 16:17:46.692,P441,Bilal,LIVE_MONITORING,4095.0,100.0,4095.0,HIGH,LIVE
2026-08-27 16:17:47.802,P441,Bilal,LIVE_MONITORING,4095.0,100.0,4095.0,HIGH,LIVE
2026-08-27 16:17:49.954,P441,Bilal,LIVE_MONITORING,4095.0,100.0,4095.0,HIGH,LIVE
2026-08-27 16:17:51.714,P441,Bilal,LIVE_MONITORING,4095.0,100.0,4095.0,HIGH,LIVE
2026-08-27 16:17:53.661,P441,Bilal,LIVE_MONITORING,4095.0,100.0,4095.0,HIGH,LIVE
2026-08-27 16:17:54.802,P441,Bilal,LIVE_MONITORING,4095.0,100.0,4095.0,HIGH,LIVE
2026-08-27 16:17:55.809,P441,Bilal,LIVE_MONITORING,4095.0,100.0,4095.0,HIGH,LIVE
2026-08-27 16:17:57.246,P441,Bilal,LIVE_MONITORING,4095.0,100.0,4095.0,HIGH,LIVE
2026-08-27 16:18:01.171,P441,Bilal,LIVE_MONITORING,4095.0,100.0,4095.0,HIGH,LIVE
2026-08-27 16:18:02.378,P441,Bilal,LIVE_MONITORING,4095.0,100.0,4095.0,HIGH,LIVE
2026-08-27 16:18:04.213,P441,Bilal,LIVE_MONITORING,4095.0,100.0,4095.0,HIGH,LIVE
2026-08-27 16:18:07.984,P441,Bilal,LIVE_MONITORING,4095.0,100.0,4095.0,HIGH,LIVE
2026-08-27 16:18:09.758,P441,Bilal,LIVE_MONITORING,4095.0,100.0,4095.0,HIGH,LIVE
2026-08-27 16:18:16.925,P441,Bilal,LIVE_MONITORING,4095.0,100.0,4095.0,HIGH,LIVE
2026-08-27 16:18:18.360,P441,Bilal,LIVE_MONITORING,4095.0,100.0,4095.0,HIGH,LIVE
2026-08-27 16:18:21.523,P441,Bilal,LIVE_MONITORING,4095.0,100.0,4095.0,HIGH,LIVE
2026-08-27 16:18:22.848,P441,Bilal,LIVE_MONITORING,4095.0,100.0,4095.0,HIGH,LIVE
2026-08-27 16:18:23.890,P441,Bilal,LIVE_MONITORING,4095.0,100.0,4095.0,HIGH,LIVE
2026-08-27 16:18:25.079,P441,Bilal,LIVE_MONITORING,4095.0,100.0,4095.0,HIGH,LIVE
2026-08-27 16:18:26.100,P441,Bilal,LIVE_MONITORING,4095.0,100.0,4095.0,HIGH,LIVE
2026-08-27 16:18:27.140,P441,Bilal,LIVE_MONITORING,4095.0,100.0,4095.0,HIGH,LIVE
2026-08-27 16:18:28.772,P441,Bilal,LIVE_MONITORING,4095.0,100.0,4095.0,HIGH,LIVE
2026-08-27 16:18:29.793,P441,Bilal,LIVE_MONITORING,4095.0,100.0,4095.0,HIGH,LIVE
2026-08-27 16:18:32.362,P441,Bilal,LIVE_MONITORING,4095.0,100.0,4095.0,HIGH,LIVE
2026-08-27 16:18:35.800,P441,Bilal,LIVE_MONITORING,4095.0,100.0,4095.0,HIGH,LIVE
2026-08-27 16:18:37.367,P441,Bilal,LIVE_MONITORING,690.0,0.0,690.0,LOW,LIVE
2026-08-27 16:18:38.560,P441,Bilal,LIVE_MONITORING,0.0,0.0,0.0,LOW,LIVE
2026-08-27 16:18:39.749,P441,Bilal,LIVE_MONITORING,0.0,0.0,0.0,LOW,LIVE
2026-08-27 16:18:40.854,P441,Bilal,LIVE_MONITORING,0.0,0.0,0.0,LOW,LIVE
2026-08-27 16:18:41.931,P441,Bilal,LIVE_MONITORING,0.0,0.0,0.0,LOW,LIVE
2026-08-27 16:18:43.306,P441,Bilal,LIVE_MONITORING,0.0,0.0,0.0,LOW,LIVE
2026-08-27 16:18:44.337,P441,Bilal,LIVE_MONITORING,0.0,0.0,0.0,LOW,LIVE
2026-08-27 16:18:45.559,P441,Bilal,LIVE_MONITORING,0.0,0.0,0.0,LOW,LIVE
2026-08-27 16:18:46.994,P441,Bilal,LIVE_MONITORING,0.0,0.0,0.0,LOW,LIVE
2026-08-27 16:18:48.021,P441,Bilal,LIVE_MONITORING,900.0,10.0,900.0,LOW,LIVE
2026-08-27 16:18:49.039,P441,Bilal,LIVE_MONITORING,4095.0,100.0,4095.0,HIGH,LIVE
2026-08-27 16:18:50.075,P441,Bilal,LIVE_MONITORING,4095.0,100.0,4095.0,HIGH,LIVE
2026-08-27 16:18:51.088,P441,Bilal,LIVE_MONITORING,413.0,0.0,413.0,LOW,LIVE
2026-08-27 16:18:52.112,P441,Bilal,LIVE_MONITORING,61.0,0.0,61.0,LOW,LIVE
2026-08-27 16:18:53.156,P441,Bilal,LIVE_MONITORING,356.0,0.0,356.0,LOW,LIVE
2026-08-27 16:18:54.161,P441,Bilal,LIVE_MONITORING,225.0,0.0,225.0,LOW,LIVE
2026-08-27 16:18:55.272,P441,Bilal,LIVE_MONITORING,1611.0,53.0,1611.0,LOW,LIVE
2026-08-27 16:18:56.617,P441,Bilal,LIVE_MONITORING,559.0,0.0,559.0,LOW,LIVE
2026-08-27 16:18:57.648,P441,Bilal,LIVE_MONITORING,4095.0,100.0,4095.0,HIGH,LIVE
2026-08-27 16:18:58.671,P441,Bilal,LIVE_MONITORING,4095.0,100.0,4095.0,HIGH,LIVE
2026-08-27 16:18:59.703,P441,Bilal,LIVE_MONITORING,4095.0,100.0,4095.0,HIGH,LIVE
2026-08-27 16:19:00.774,P441,Bilal,LIVE_MONITORING,4095.0,100.0,4095.0,HIGH,LIVE
2026-08-27 16:19:01.969,P441,Bilal,LIVE_MONITORING,9.0,0.0,9.0,LOW,LIVE
2026-08-27 16:19:03.181,P441,Bilal,LIVE_MONITORING,60.0,0.0,60.0,LOW,LIVE
2026-08-27 16:19:04.196,P441,Bilal,LIVE_MONITORING,3739.0,100.0,3739.0,HIGH,LIVE
2026-08-27 16:19:05.835,P441,Bilal,LIVE_MONITORING,2938.0,100.0,2938.0,HIGH,LIVE
2026-08-27 16:19:06.864,P441,Bilal,LIVE_MONITORING,975.0,15.0,975.0,LOW,LIVE
2026-08-27 16:19:07.896,P441,Bilal,LIVE_MONITORING,4.0,0.0,4.0,LOW,LIVE
2026-08-27 16:19:08.915,P441,Bilal,LIVE_MONITORING,3330.0,100.0,3330.0,HIGH,LIVE
2026-08-27 16:19:09.930,P441,Bilal,LIVE_MONITORING,3889.0,100.0,3889.0,HIGH,LIVE
2026-08-27 16:19:11.155,P441,Bilal,LIVE_MONITORING,3329.0,100.0,3329.0,HIGH,LIVE
2026-08-27 16:19:12.443,P441,Bilal,LIVE_MONITORING,4095.0,100.0,4095.0,HIGH,LIVE
2026-08-27 16:19:13.477,P441,Bilal,LIVE_MONITORING,4095.0,100.0,4095.0,HIGH,LIVE
2026-08-27 16:19:15.458,P441,Bilal,LIVE_MONITORING,4095.0,100.0,4095.0,HIGH,LIVE
2026-08-27 16:19:17.300,P441,Bilal,LIVE_MONITORING,4095.0,100.0,4095.0,HIGH,LIVE
2026-08-27 16:19:19.429,P441,Bilal,LIVE_MONITORING,4095.0,100.0,4095.0,HIGH,LIVE
2026-08-27 16:19:21.395,P441,Bilal,LIVE_MONITORING,4095.0,100.0,4095.0,HIGH,LIVE
2026-08-27 16:19:22.853,P441,Bilal,LIVE_MONITORING,4095.0,100.0,4095.0,HIGH,LIVE
2026-08-27 16:19:24.679,P441,Bilal,LIVE_MONITORING,4095.0,100.0,4095.0,HIGH,LIVE
2026-08-27 16:19:25.725,P441,Bilal,LIVE_MONITORING,4095.0,100.0,4095.0,HIGH,LIVE
2026-08-27 16:19:27.548,P441,Bilal,LIVE_MONITORING,4095.0,100.0,4095.0,HIGH,LIVE
2026-08-27 16:19:28.686,P441,Bilal,LIVE_MONITORING,4095.0,100.0,4095.0,HIGH,LIVE
2026-08-27 16:19:32.024,P441,Bilal,LIVE_MONITORING,4095.0,100.0,4095.0,HIGH,LIVE
2026-08-27 16:19:33.027,P441,Bilal,LIVE_MONITORING,4095.0,100.0,4095.0,HIGH,LIVE
2026-08-27 16:19:34.769,P441,Bilal,LIVE_MONITORING,4095.0,100.0,4095.0,HIGH,LIVE
2026-08-27 16:19:35.964,P441,Bilal,LIVE_MONITORING,4095.0,100.0,4095.0,HIGH,LIVE
2026-08-27 16:19:36.989,P441,Bilal,LIVE_MONITORING,4095.0,100.0,4095.0,HIGH,LIVE
2026-08-27 16:19:41.061,P441,Bilal,LIVE_MONITORING,4095.0,100.0,4095.0,HIGH,LIVE
2026-08-27 16:19:42.418,P441,Bilal,LIVE_MONITORING,4095.0,100.0,4095.0,HIGH,LIVE
2026-08-27 16:19:43.424,P441,Bilal,LIVE_MONITORING,4095.0,100.0,4095.0,HIGH,LIVE
2026-08-27 16:19:44.743,P441,Bilal,LIVE_MONITORING,4095.0,100.0,4095.0,HIGH,LIVE
2026-08-27 16:19:45.829,P441,Bilal,LIVE_MONITORING,4095.0,100.0,4095.0,HIGH,LIVE
2026-08-27 16:19:47.490,P441,Bilal,LIVE_MONITORING,4095.0,100.0,4095.0,HIGH,LIVE
2026-08-27 16:19:48.687,P441,Bilal,LIVE_MONITORING,4095.0,100.0,4095.0,HIGH,LIVE
2026-08-27 16:19:50.687,P441,Bilal,LIVE_MONITORING,4095.0,100.0,4095.0,HIGH,LIVE
2026-08-27 16:19:52.731,P441,Bilal,LIVE_MONITORING,4095.0,100.0,4095.0,HIGH,LIVE
2026-08-27 16:19:53.760,P441,Bilal,LIVE_MONITORING,4095.0,100.0,4095.0,HIGH,LIVE
2026-08-27 16:19:56.095,P441,Bilal,LIVE_MONITORING,4095.0,100.0,4095.0,HIGH,LIVE
2026-08-27 16:19:57.237,P441,Bilal,LIVE_MONITORING,4095.0,100.0,4095.0,HIGH,LIVE
2026-08-27 16:19:58.262,P441,Bilal,LIVE_MONITORING,4095.0,100.0,4095.0,HIGH,LIVE
2026-08-27 16:19:59.923,P441,Bilal,LIVE_MONITORING,4095.0,100.0,4095.0,HIGH,LIVE
2026-08-27 16:20:01.133,P441,Bilal,LIVE_MONITORING,4095.0,100.0,4095.0,HIGH,LIVE
2026-08-27 16:20:02.227,P441,Bilal,LIVE_MONITORING,4095.0,100.0,4095.0,HIGH,LIVE
2026-08-27 16:20:03.388,P441,Bilal,LIVE_MONITORING,4095.0,100.0,4095.0,HIGH,LIVE
2026-08-27 16:20:04.460,P441,Bilal,LIVE_MONITORING,4095.0,100.0,4095.0,HIGH,LIVE
2026-08-27 16:20:05.837,P441,Bilal,LIVE_MONITORING,4095.0,100.0,4095.0,HIGH,LIVE
2026-08-27 16:20:06.872,P441,Bilal,LIVE_MONITORING,4095.0,100.0,4095.0,HIGH,LIVE
2026-08-27 16:20:07.888,P441,Bilal,LIVE_MONITORING,4095.0,100.0,4095.0,HIGH,LIVE
2026-08-27 16:20:09.334,P441,Bilal,LIVE_MONITORING,4095.0,100.0,4095.0,HIGH,LIVE
2026-08-27 16:20:10.376,P441,Bilal,LIVE_MONITORING,4095.0,100.0,4095.0,HIGH,LIVE
2026-08-27 16:20:11.576,P441,Bilal,LIVE_MONITORING,4095.0,100.0,4095.0,HIGH,LIVE
2026-08-27 16:20:13.228,P441,Bilal,LIVE_MONITORING,4095.0,100.0,4095.0,HIGH,LIVE
2026-08-27 16:20:14.444,P441,Bilal,LIVE_MONITORING,4095.0,100.0,4095.0,HIGH,LIVE
2026-08-27 16:20:15.895,P441,Bilal,LIVE_MONITORING,4095.0,100.0,4095.0,HIGH,LIVE
